date_series,all_employees,production_employees,women_gov_employees
1964-01-01,46879,38888.0,3727.0
1964-02-01,46959,38951.0,3776.0
1964-03-01,47275,39240.0,3799.0
1964-04-01,47812,39765.0,3815.0
1964-05-01,48326,40258.0,3806.0
1964-06-01,49110,40995.0,3721.0
1964-07-01,49275,41113.0,3506.0
1964-08-01,49558,41384.0,3507.0
1964-09-01,49778,41631.0,3747.0
1964-10-01,49459,41305.0,3915.0
1964-11-01,49673,41508.0,3964.0
1964-12-01,50056,41865.0,3973.0
1965-01-01,48603,40441.0,3954.0
1965-02-01,48632,40431.0,4002.0
1965-03-01,49014,40767.0,4024.0
1965-04-01,49753,41453.0,4034.0
1965-05-01,50284,41948.0,4026.0
1965-06-01,51146,42742.0,3946.0
1965-07-01,51301,42834.0,3763.0
1965-08-01,51604,43126.0,3753.0
1965-09-01,51761,43297.0,4020.0
1965-10-01,51796,43319.0,4192.0
1965-11-01,51901,43395.0,4259.0
1965-12-01,52405,43867.0,4305.0
1966-01-01,50964,42402.0,4278.0
1966-02-01,51015,42432.0,4355.0
1966-03-01,51550,42913.0,4408.0
1966-04-01,52234,43536.0,4442.0
1966-05-01,52747,44015.0,4445.0
1966-06-01,53811,44958.0,4386.0
1966-07-01,53847,44928.0,4174.0
1966-08-01,54122,45170.0,4144.0
1966-09-01,54142,45205.0,4442.0
1966-10-01,54147,45208.0,4630.0
1966-11-01,54177,45195.0,4721.0
1966-12-01,54562,45544.0,4759.0
1967-01-01,53092,44071.0,4734.0
1967-02-01,52928,43871.0,4801.0
1967-03-01,53218,44122.0,4835.0
1967-04-01,53596,44462.0,4846.0
1967-05-01,53975,44816.0,4836.0
1967-06-01,54826,45576.0,4753.0
1967-07-01,54835,45519.0,4277.0
1967-08-01,55148,45820.0,4177.0
1967-09-01,55078,45759.0,4774.0
1967-10-01,54983,45681.0,4985.0
1967-11-01,55391,46071.0,5052.0
1967-12-01,55804,46446.0,5092.0
1968-01-01,54017,44681.0,5088.0
1968-02-01,54266,44912.0,5162.0
1968-03-01,54565,45199.0,5193.0
1968-04-01,55252,45839.0,5198.0
1968-05-01,55563,46107.0,5187.0
1968-06-01,56531,46984.0,5085.0
1968-07-01,56569,46945.0,4515.0
1968-08-01,56864,47207.0,4443.0
1968-09-01,56939,47301.0,4941.0
1968-10-01,57025,47383.0,5169.0
1968-11-01,57277,47626.0,5225.0
1968-12-01,57735,48040.0,5280.0
1969-01-01,56234,46552.0,5272.0
1969-02-01,56349,46634.0,5353.0
1969-03-01,56813,47029.0,5369.0
1969-04-01,57409,47570.0,5374.0
1969-05-01,57866,47969.0,5368.0
1969-06-01,58903,48922.0,5283.0
1969-07-01,58821,48794.0,4615.0
1969-08-01,59195,49133.0,4536.0
1969-09-01,59059,49024.0,5106.0
1969-10-01,59106,49060.0,5382.0
1969-11-01,59049,48985.0,5452.0
1969-12-01,59372,49283.0,5473.0
1970-01-01,57675,47587.0,5444.0
1970-02-01,57653,47539.0,5525.0
1970-03-01,57995,47879.0,5569.0
1970-04-01,58239,48097.0,5591.0
1970-05-01,58299,48152.0,5558.0
1970-06-01,58998,48823.0,5458.0
1970-07-01,58752,48564.0,4928.0
1970-08-01,58770,48590.0,4861.0
1970-09-01,58739,48602.0,5315.0
1970-10-01,58160,48020.0,5566.0
1970-11-01,58006,47890.0,5656.0
1970-12-01,58532,48411.0,5662.0
1971-01-01,56979,46882.0,5634.0
1971-02-01,56791,46708.0,5708.0
1971-03-01,57094,47004.0,5742.0
1971-04-01,57673,47576.0,5740.0
1971-05-01,58147,48038.0,5724.0
1971-06-01,58894,48709.0,5602.0
1971-07-01,58664,48453.0,4996.0
1971-08-01,58868,48652.0,4958.0
1971-09-01,59100,48881.0,5441.0
1971-10-01,58995,48750.0,5681.0
1971-11-01,59173,48917.0,5762.0
1971-12-01,59499,49237.0,5786.0
1972-01-01,58149,48032.0,5779.0
1972-02-01,58180,48006.0,5879.0
1972-03-01,58710,48540.0,5910.0
1972-04-01,59343,49112.0,5905.0
1972-05-01,59927,49634.0,5913.0
1972-06-01,60998,50600.0,5797.0
1972-07-01,60540,50092.0,5282.0
1972-08-01,61172,50671.0,5245.0
1972-09-01,61288,50821.0,5752.0
1972-10-01,61611,51106.0,6075.0
1972-11-01,61887,51384.0,6170.0
1972-12-01,62194,51650.0,6179.0
1973-01-01,60862,50305.0,6132.0
1973-02-01,61078,50499.0,6239.0
1973-03-01,61560,50953.0,6271.0
1973-04-01,62146,51491.0,6237.0
1973-05-01,62699,51978.0,6232.0
1973-06-01,63650,52833.0,6124.0
1973-07-01,63378,52506.0,5511.0
1973-08-01,63870,52940.0,5446.0
1973-09-01,64050,53049.0,5920.0
1973-10-01,64253,53267.0,6224.0
1973-11-01,64484,53466.0,6307.0
1973-12-01,64564,53530.0,6343.0
1974-01-01,62905,51818.0,6278.0
1974-02-01,62822,51736.0,6408.0
1974-03-01,63080,51954.0,6446.0
1974-04-01,63623,52492.0,6431.0
1974-05-01,64210,53009.0,6439.0
1974-06-01,64989,53699.0,6320.0
1974-07-01,64717,53345.0,5788.0
1974-08-01,64952,53612.0,5728.0
1974-09-01,64930,53598.0,6301.0
1974-10-01,64814,53476.0,6591.0
1974-11-01,64331,53024.0,6686.0
1974-12-01,63653,52392.0,6697.0
1975-01-01,61525,50340.0,6654.0
1975-02-01,60809,49647.0,6808.0
1975-03-01,60788,49644.0,6843.0
1975-04-01,61114,49946.0,6725.0
1975-05-01,61724,50509.0,6726.0
1975-06-01,62369,51129.0,6556.0
1975-07-01,62321,51063.0,5854.0
1975-08-01,62971,51676.0,5832.0
1975-09-01,63178,51883.0,6292.0
1975-10-01,63293,52001.0,6639.0
1975-11-01,63330,52022.0,6714.0
1975-12-01,63575,52264.0,6684.0
1976-01-01,62377,51078.0,6630.0
1976-02-01,62420,51102.0,6732.0
1976-03-01,62957,51594.0,6799.0
1976-04-01,63817,52367.0,6962.0
1976-05-01,64326,52807.0,6931.0
1976-06-01,65076,53448.0,6835.0
1976-07-01,64992,53325.0,6229.0
1976-08-01,65375,53666.0,6139.0
1976-09-01,65671,53947.0,6509.0
1976-10-01,65474,53739.0,6857.0
1976-11-01,65674,53886.0,7002.0
1976-12-01,65857,54036.0,7063.0
1977-01-01,64471,52654.0,7001.0
1977-02-01,64495,52676.0,7140.0
1977-03-01,65284,53401.0,7208.0
1977-04-01,66219,54281.0,7210.0
1977-05-01,66989,54987.0,7254.0
1977-06-01,67988,55839.0,7161.0
1977-07-01,67980,55749.0,6530.0
1977-08-01,68381,56099.0,6464.0
1977-09-01,68814,56489.0,7008.0
1977-10-01,68871,56534.0,7348.0
1977-11-01,69145,56785.0,7447.0
1977-12-01,69375,56986.0,7462.0
1978-01-01,67831,55452.0,7387.0
1978-02-01,67866,55441.0,7547.0
1978-03-01,68719,56215.0,7616.0
1978-04-01,69970,57349.0,7674.0
1978-05-01,70718,58005.0,7714.0
1978-06-01,71809,58912.0,7585.0
1978-07-01,71727,58764.0,6828.0
1978-08-01,72187,59154.0,6687.0
1978-09-01,72430,59406.0,7254.0
1978-10-01,72609,59530.0,7576.0
1978-11-01,72998,59882.0,7689.0
1978-12-01,73309,60148.0,7692.0
1979-01-01,71724,58565.0,7626.0
1979-02-01,71731,58544.0,7771.0
1979-03-01,72540,59270.0,7830.0
1979-04-01,73047,59709.0,7856.0
1979-05-01,73824,60422.0,7851.0
1979-06-01,74746,61213.0,7712.0
1979-07-01,74469,60892.0,7099.0
1979-08-01,74652,61037.0,7102.0
1979-09-01,74824,61218.0,7499.0
1979-10-01,74874,61274.0,7865.0
1979-11-01,74906,61290.0,8067.0
1979-12-01,75046,61417.0,8064.0
1980-01-01,73443,59793.0,7985.0
1980-02-01,73310,59695.0,8148.0
1980-03-01,73711,60032.0,8228.0
1980-04-01,73858,60163.0,8342.0
1980-05-01,73975,60240.0,8274.0
1980-06-01,74299,60492.0,8102.0
1980-07-01,73827,60039.0,7353.0
1980-08-01,74297,60459.0,7263.0
1980-09-01,74555,60704.0,7873.0
1980-10-01,74662,60796.0,8194.0
1980-11-01,74867,60963.0,8308.0
1980-12-01,75091,61142.0,8283.0
1981-01-01,73487,59585.0,8184.0
1981-02-01,73393,59455.0,8325.0
1981-03-01,73894,59901.0,8352.0
1981-04-01,74585,60566.0,8336.0
1981-05-01,75115,61020.0,8310.0
1981-06-01,75977,61735.0,8110.0
1981-07-01,75883,61613.0,7381.0
1981-08-01,76124,61816.0,7256.0
1981-09-01,76188,61923.0,7724.0
1981-10-01,75892,61650.0,8050.0
1981-11-01,75584,61328.0,8157.0
1981-12-01,75277,61007.0,8143.0
1982-01-01,73292,59049.0,8026.0
1982-02-01,73154,58960.0,8159.0
1982-03-01,73351,59137.0,8217.0
1982-04-01,73675,59435.0,8203.0
1982-05-01,74143,59903.0,8202.0
1982-06-01,74518,60216.0,7984.0
1982-07-01,74155,59855.0,7117.0
1982-08-01,74153,59845.0,7067.0
1982-09-01,74034,59796.0,7646.0
1982-10-01,73527,59340.0,7968.0
1982-11-01,73273,59112.0,8075.0
1982-12-01,73198,59053.0,8063.0
1983-01-01,71708,57641.0,7964.0
1983-02-01,71477,57434.0,8094.0
1983-03-01,72004,57938.0,8134.0
1983-04-01,72895,58760.0,8108.0
1983-05-01,73691,59520.0,8114.0
1983-06-01,74713,60470.0,7908.0
1983-07-01,75000,60683.0,7273.0
1983-08-01,74874,60490.0,7216.0
1983-09-01,75980,61587.0,7759.0
1983-10-01,76107,61689.0,8065.0
1983-11-01,76331,61875.0,8186.0
1983-12-01,76627,62129.0,8181.0
1984-01-01,75370,60711.0,8084.0
1984-02-01,75652,60924.0,8248.0
1984-03-01,76300,61471.0,8298.0
1984-04-01,77238,62359.0,8319.0
1984-05-01,78067,63113.0,8327.0
1984-06-01,79088,63994.0,8139.0
1984-07-01,79205,64035.0,7515.0
1984-08-01,79583,64351.0,7462.0
1984-09-01,79835,64598.0,8057.0
1984-10-01,79923,64679.0,8387.0
1984-11-01,80135,64832.0,8508.0
1984-12-01,80270,64926.0,8463.0
1985-01-01,78724,63444.0,8395.0
1985-02-01,78642,63322.0,8559.0
1985-03-01,79331,63955.0,8624.0
1985-04-01,80138,64682.0,8609.0
1985-05-01,80931,65424.0,8644.0
1985-06-01,81705,66091.0,8423.0
1985-07-01,81608,65959.0,7783.0
1985-08-01,82011,66337.0,7712.0
1985-09-01,82108,66438.0,8335.0
1985-10-01,82144,66512.0,8671.0
1985-11-01,82249,66591.0,8788.0
1985-12-01,82404,66712.0,8766.0
1986-01-01,80695,65070.0,8656.0
1986-02-01,80562,64913.0,8855.0
1986-03-01,81050,65346.0,8888.0
1986-04-01,81891,66116.0,8890.0
1986-05-01,82551,66733.0,8905.0
1986-06-01,83127,67254.0,8671.0
1986-07-01,83280,67349.0,7947.0
1986-08-01,83596,67667.0,7894.0
1986-09-01,83675,67753.0,8608.0
1986-10-01,83706,67787.0,8984.0
1986-11-01,83796,67879.0,9103.0
1986-12-01,84007,68031.0,9068.0
1987-01-01,82305,66374.0,8954.0
1987-02-01,82353,66392.0,9098.0
1987-03-01,82961,66933.0,9167.0
1987-04-01,83930,67821.0,9178.0
1987-05-01,84690,68545.0,9164.0
1987-06-01,85549,69293.0,8959.0
1987-07-01,85695,69365.0,8226.0
1987-08-01,86087,69726.0,8137.0
1987-09-01,86119,69744.0,8802.0
1987-10-01,86403,69984.0,9237.0
1987-11-01,86584,70147.0,9340.0
1987-12-01,86846,70378.0,9332.0
1988-01-01,85039,68556.0,9198.0
1988-02-01,85291,68778.0,9382.0
1988-03-01,85894,69309.0,9461.0
1988-04-01,86798,70147.0,9448.0
1988-05-01,87518,70788.0,9464.0
1988-06-01,88617,71771.0,9243.0
1988-07-01,88704,71825.0,8435.0
1988-08-01,89004,72119.0,8369.0
1988-09-01,88975,72067.0,9100.0
1988-10-01,89119,72200.0,9479.0
1988-11-01,89397,72443.0,9635.0
1988-12-01,89703,72699.0,9577.0
1989-01-01,88003,71036.0,9444.0
1989-02-01,88081,71094.0,9646.0
1989-03-01,88631,71595.0,9701.0
1989-04-01,89427,72328.0,9711.0
1989-05-01,90054,72908.0,9742.0
1989-06-01,90939,73705.0,9527.0
1989-07-01,90843,73606.0,8756.0
1989-08-01,91042,73819.0,8713.0
1989-09-01,90963,73714.0,9443.0
1989-10-01,90958,73730.0,9809.0
1989-11-01,91240,73978.0,9927.0
1989-12-01,91302,74007.0,9897.0
1990-01-01,89455,72237.0,9746.0
1990-02-01,89598,72350.0,9948.0
1990-03-01,90053,72761.0,10028.0
1990-04-01,90635,73306.0,10064.0
1990-05-01,91309,73919.0,10181.0
1990-06-01,92210,74735.0,9948.0
1990-07-01,92007,74529.0,9157.0
1990-08-01,92151,74700.0,9006.0
1990-09-01,91852,74383.0,9728.0
1990-10-01,91542,74099.0,10085.0
1990-11-01,91346,73901.0,10205.0
1990-12-01,91187,73729.0,10163.0
1991-01-01,88986,71635.0,9988.0
1991-02-01,88615,71291.0,10181.0
1991-03-01,88817,71489.0,10231.0
1991-04-01,89228,71903.0,10214.0
1991-05-01,89864,72543.0,10231.0
1991-06-01,90615,73280.0,10018.0
1991-07-01,90438,73134.0,9253.0
1991-08-01,90718,73414.0,9128.0
1991-09-01,90541,73220.0,9801.0
1991-10-01,90362,73059.0,10185.0
1991-11-01,90219,72939.0,10307.0
1991-12-01,90149,72871.0,10278.0
1992-01-01,88082,70969.0,10112.0
1992-02-01,88009,70894.0,10306.0
1992-03-01,88403,71286.0,10378.0
1992-04-01,89238,72099.0,10382.0
1992-05-01,90017,72848.0,10386.0
1992-06-01,90805,73610.0,10167.0
1992-07-01,90775,73583.0,9434.0
1992-08-01,90962,73777.0,9351.0
1992-09-01,90861,73675.0,10032.0
1992-10-01,90946,73767.0,10380.0
1992-11-01,90982,73806.0,10547.0
1992-12-01,91067,73891.0,10471.0
1993-01-01,89259,72204.0,10289.0
1993-02-01,89518,72435.0,10492.0
1993-03-01,89851,72745.0,10552.0
1993-04-01,90848,73651.0,10557.0
1993-05-01,91771,74528.0,10568.0
1993-06-01,92650,75353.0,10352.0
1993-07-01,92815,75493.0,9570.0
1993-08-01,93103,75772.0,9458.0
1993-09-01,93107,75731.0,10193.0
1993-10-01,93272,75872.0,10551.0
1993-11-01,93463,76047.0,10670.0
1993-12-01,93646,76179.0,10654.0
1994-01-01,91746,74373.0,10463.0
1994-02-01,91983,74583.0,10667.0
1994-03-01,92818,75363.0,10752.0
1994-04-01,93884,76363.0,10761.0
1994-05-01,94833,77245.0,10819.0
1994-06-01,95933,78268.0,10565.0
1994-07-01,96099,78398.0,9697.0
1994-08-01,96526,78796.0,9626.0
1994-09-01,96578,78795.0,10411.0
1994-10-01,96694,78892.0,10766.0
1994-11-01,97073,79228.0,10969.0
1994-12-01,97246,79365.0,10871.0
1995-01-01,95326,77520.0,10665.0
1995-02-01,95610,77747.0,10888.0
1995-03-01,96258,78356.0,10953.0
1995-04-01,97090,79126.0,10958.0
1995-05-01,97824,79818.0,10949.0
1995-06-01,98837,80781.0,10720.0
1995-07-01,98750,80669.0,9860.0
1995-08-01,99143,81071.0,9793.0
1995-09-01,99072,80953.0,10577.0
1995-10-01,99140,81000.0,10955.0
1995-11-01,99260,81091.0,11044.0
1995-12-01,99309,81108.0,11019.0
1996-01-01,97046,78920.0,10779.0
1996-02-01,97579,79427.0,11018.0
1996-03-01,98249,80045.0,11097.0
1996-04-01,99112,80844.0,11078.0
1996-05-01,100188,81833.0,11107.0
1996-06-01,101205,82764.0,10826.0
1996-07-01,101300,82818.0,9976.0
1996-08-01,101687,83174.0,9926.0
1996-09-01,101450,82915.0,10721.0
1996-10-01,101675,83112.0,11074.0
1996-11-01,101946,83334.0,11224.0
1996-12-01,102030,83376.0,11161.0
1997-01-01,99907,81341.0,10923.0
1997-02-01,100393,81766.0,11142.0
1997-03-01,101163,82468.0,11211.0
1997-04-01,102153,83340.0,11215.0
1997-05-01,103193,84321.0,11234.0
1997-06-01,104147,85182.0,10996.0
1997-07-01,104286,85282.0,10136.0
1997-08-01,104465,85365.0,10098.0
1997-09-01,104486,85339.0,10870.0
1997-10-01,104818,85588.0,11284.0
1997-11-01,105063,85765.0,11401.0
1997-12-01,105257,85893.0,11378.0
1998-01-01,103151,83833.0,11116.0
1998-02-01,103539,84169.0,11341.0
1998-03-01,104157,84678.0,11399.0
1998-04-01,105198,85593.0,11383.0
1998-05-01,106194,86507.0,11421.0
1998-06-01,107194,87435.0,11148.0
1998-07-01,107200,87384.0,10249.0
1998-08-01,107521,87677.0,10211.0
1998-09-01,107327,87416.0,11078.0
1998-10-01,107579,87623.0,11461.0
1998-11-01,107784,87788.0,11594.0
1998-12-01,108001,87962.0,11570.0
1999-01-01,105702,85749.0,11317.0
1999-02-01,106255,86272.0,11574.0
1999-03-01,106844,86795.0,11645.0
1999-04-01,107945,87756.0,11650.0
1999-05-01,108790,88553.0,11673.0
1999-06-01,109827,89522.0,11438.0
1999-07-01,110022,89676.0,10561.0
1999-08-01,110151,89764.0,10519.0
1999-09-01,109902,89468.0,11392.0
1999-10-01,110292,89805.0,11797.0
1999-11-01,110583,90070.0,11930.0
1999-12-01,110738,90205.0,11928.0
2000-01-01,108502,88090.0,11707.0
2000-02-01,108774,88317.0,11935.0
2000-03-01,109632,89115.0,12065.0
2000-04-01,110558,89975.0,12088.0
2000-05-01,111163,90549.0,12312.0
2000-06-01,112302,91582.0,11836.0
2000-07-01,112249,91520.0,10817.0
2000-08-01,112363,91602.0,10770.0
2000-09-01,112128,91310.0,11612.0
2000-10-01,112200,91355.0,11962.0
2000-11-01,112408,91548.0,12096.0
2000-12-01,112381,91444.0,12049.0
2001-01-01,109914,89154.0,11839.0
2001-02-01,110126,89295.0,12089.0
2001-03-01,110590,89756.0,12165.0
2001-04-01,110948,90159.0,12192.0
2001-05-01,111610,90769.0,12200.0
2001-06-01,112289,91389.0,11918.0
2001-07-01,111882,91104.0,11059.0
2001-08-01,111811,91014.0,11088.0
2001-09-01,111072,90308.0,12067.0
2001-10-01,110756,90087.0,12452.0
2001-11-01,110410,89824.0,12559.0
2001-12-01,110050,89542.0,12546.0
2002-01-01,107577,87318.0,12298.0
2002-02-01,107636,87441.0,12554.0
2002-03-01,108119,87934.0,12619.0
2002-04-01,108697,88395.0,12609.0
2002-05-01,109367,88982.0,12648.0
2002-06-01,110153,89595.0,12313.0
2002-07-01,109889,89306.0,11310.0
2002-08-01,109945,89287.0,11357.0
2002-09-01,109494,88855.0,12221.0
2002-10-01,109652,89025.0,12610.0
2002-11-01,109635,89015.0,12713.0
2002-12-01,109285,88635.0,12672.0
2003-01-01,107019,86493.0,12387.0
2003-02-01,107052,86499.0,12612.0
2003-03-01,107457,86759.0,12664.0
2003-04-01,108131,87357.0,12657.0
2003-05-01,108906,88082.0,12630.0
2003-06-01,109634,88762.0,12334.0
2003-07-01,109438,88601.0,11287.0
2003-08-01,109533,88675.0,11290.0
2003-09-01,109262,88362.0,12196.0
2003-10-01,109512,88603.0,12624.0
2003-11-01,109569,88655.0,12700.0
2003-12-01,109454,88531.0,12658.0
2004-01-01,107266,86441.0,12384.0
2004-02-01,107474,86598.0,12615.0
2004-03-01,108369,87394.0,12686.0
2004-04-01,109468,88425.0,12680.0
2004-05-01,110392,89342.0,12653.0
2004-06-01,111280,90217.0,12295.0
2004-07-01,111231,90293.0,11164.0
2004-08-01,111232,90363.0,11226.0
2004-09-01,110901,90052.0,12237.0
2004-10-01,111357,90487.0,12643.0
2004-11-01,111457,90607.0,12751.0
2004-12-01,111349,90541.0,12688.0
2005-01-01,109068,88426.0,12438.0
2005-02-01,109470,88795.0,12688.0
2005-03-01,110212,89497.0,12743.0
2005-04-01,111411,90620.0,12738.0
2005-05-01,112219,91382.0,12726.0
2005-06-01,113334,92441.0,12379.0
2005-07-01,113343,92486.0,11361.0
2005-08-01,113562,92705.0,11371.0
2005-09-01,113162,92284.0,12319.0
2005-10-01,113416,92552.0,12629.0
2005-11-01,113824,92989.0,12689.0
2005-12-01,113729,92936.0,12586.0
2006-01-01,111575,90993.0,12249.0
2006-02-01,112035,91400.0,12472.0
2006-03-01,112902,92238.0,12483.0
2006-04-01,113809,93107.0,12439.0
2006-05-01,114621,93925.0,12382.0
2006-06-01,115557,94807.0,12027.0
2006-07-01,115477,94761.0,11216.0
2006-08-01,115635,94949.0,11260.0
2006-09-01,115210,94453.0,12175.0
2006-10-01,115407,94637.0,12581.0
2006-11-01,115659,94921.0,12689.0
2006-12-01,115653,94915.0,12643.0
2007-01-01,113343,92821.0,12414.0
2007-02-01,113563,92975.0,12718.0
2007-03-01,114357,93744.0,12804.0
2007-04-01,115144,94521.0,12813.0
2007-05-01,116069,95450.0,12839.0
2007-06-01,116980,96372.0,12537.0
2007-07-01,116797,96300.0,11498.0
2007-08-01,116795,96301.0,11697.0
2007-09-01,116349,95894.0,12538.0
2007-10-01,116524,96105.0,12959.0
2007-11-01,116695,96286.0,13072.0
2007-12-01,116541,96149.0,13052.0
2008-01-01,114002,93862.0,12794.0
2008-02-01,114034,93875.0,13093.0
2008-03-01,114521,94377.0,13166.0
2008-04-01,115045,94893.0,13179.0
2008-05-01,115589,95458.0,13198.0
2008-06-01,116168,95999.0,12900.0
2008-07-01,115838,95741.0,11940.0
2008-08-01,115641,95570.0,12040.0
2008-09-01,114757,94757.0,12819.0
2008-10-01,114487,94534.0,13216.0
2008-11-01,113693,93839.0,13320.0
2008-12-01,112796,93016.0,13235.0
2009-01-01,109550,90094.0,12980.0
2009-02-01,108922,89570.0,13213.0
2009-03-01,108699,89428.0,13251.0
2009-04-01,108748,89557.0,13298.0
2009-05-01,109089,89933.0,13230.0
2009-06-01,109369,90218.0,12895.0
2009-07-01,109057,90030.0,11822.0
2009-08-01,108867,89860.0,11914.0
2009-09-01,108280,89277.0,12703.0
2009-10-01,108267,89256.0,13141.0
2009-11-01,108213,89251.0,13224.0
2009-12-01,107833,88913.0,13134.0
2010-01-01,105428,86744.0,12866.0
2010-02-01,105475,86744.0,13094.0
2010-03-01,106160,87411.0,13173.0
2010-04-01,107203,88393.0,13203.0
2010-05-01,107914,89029.0,13393.0
2010-06-01,108693,89762.0,12967.0
2010-07-01,108767,89863.0,11849.0
2010-08-01,108919,89945.0,11849.0
2010-09-01,108549,89554.0,12559.0
2010-10-01,108967,89875.0,12968.0
2010-11-01,109163,90065.0,13059.0
2010-12-01,109015,89898.0,12972.0
2011-01-01,106632,87700.0,12707.0
2011-02-01,107071,88042.0,12930.0
2011-03-01,107887,88816.0,12993.0
2011-04-01,109081,89937.0,13003.0
2011-05-01,109857,90646.0,12949.0
2011-06-01,110777,91508.0,12617.0
2011-07-01,110832,91567.0,11545.0
2011-08-01,111002,91723.0,11629.0
2011-09-01,110769,91468.0,12437.0
2011-10-01,111181,91784.0,12822.0
2011-11-01,111435,92059.0,12896.0
2011-12-01,111411,92004.0,12808.0
2012-01-01,109284,90087.0,12539.0
2012-02-01,109779,90531.0,12803.0
2012-03-01,110606,91257.0,12844.0
2012-04-01,111487,92089.0,12828.0
2012-05-01,112348,92904.0,12796.0
2012-06-01,113136,93644.0,12437.0
2012-07-01,113154,93650.0,11418.0
2012-08-01,113326,93798.0,11597.0
2012-09-01,112985,93455.0,12364.0
2012-10-01,113375,93773.0,12717.0
2012-11-01,113665,94016.0,12814.0
2012-12-01,113702,93992.0,12759.0
2013-01-01,111331,91757.0,12473.0
2013-02-01,111885,92184.0,12762.0
2013-03-01,112628,92857.0,12796.0
2013-04-01,113615,93767.0,12799.0
2013-05-01,114555,94636.0,12760.0
2013-06-01,115424,95437.0,12404.0
2013-07-01,115510,95534.0,11368.0
2013-08-01,115718,95700.0,11579.0
2013-09-01,115349,95306.0,12375.0
2013-10-01,115808,95707.0,12725.0
2013-11-01,116211,96069.0,12824.0
2013-12-01,116095,95926.0,12746.0
2014-01-01,113792,93804.0,12462.0
2014-02-01,114101,94062.0,12709.0
2014-03-01,114944,94834.0,12779.0
2014-04-01,116032,95823.0,12805.0
2014-05-01,116990,96711.0,12761.0
2014-06-01,117967,97622.0,12448.0
2014-07-01,118137,97745.0,11418.0
2014-08-01,118311,97870.0,11616.0
2014-09-01,117983,97473.0,12434.0
2014-10-01,118541,97911.0,12792.0
2014-11-01,118893,98177.0,12888.0
2014-12-01,118999,98221.0,12829.0
2015-01-01,116668,96018.0,12553.0
2015-02-01,117064,96345.0,12823.0
2015-03-01,117732,96957.0,12869.0
2015-04-01,118855,97961.0,12902.0
2015-05-01,119840,98871.0,12875.0
2015-06-01,120732,99703.0,12541.0
2015-07-01,120945,99843.0,11582.0
2015-08-01,120948,99832.0,11743.0
2015-09-01,120504,99365.0,12551.0
2015-10-01,121180,99920.0,12898.0
2015-11-01,121492,100186.0,12983.0
2015-12-01,121585,100230.0,12942.0
2016-01-01,119092,97909.0,12663.0
2016-02-01,119488,98212.0,12922.0
2016-03-01,120245,98875.0,13011.0
2016-04-01,121314,99844.0,13024.0
2016-05-01,122000,100471.0,12983.0
2016-06-01,123099,101497.0,12640.0
2016-07-01,123232,101609.0,11750.0
2016-08-01,123282,101631.0,11938.0
2016-09-01,122911,101206.0,12742.0
2016-10-01,123374,101600.0,13046.0
2016-11-01,123685,101931.0,13135.0
2016-12-01,123613,101876.0,13041.0
2017-01-01,121205,99653.0,12782.0
2017-02-01,121780,100158.0,13055.0
2017-03-01,122369,100705.0,13098.0
2017-04-01,123365,101632.0,13105.0
2017-05-01,124259,102431.0,13054.0
2017-06-01,125305,103444.0,12726.0
2017-07-01,125387,103505.0,11780.0
2017-08-01,125471,103552.0,11986.0
2017-09-01,124851,102925.0,12794.0
2017-10-01,125443,103445.0,13102.0
2017-11-01,125886,103817.0,13204.0
2017-12-01,125768,103666.0,13140.0
2018-01-01,123187,101259.0,12838.0
2018-02-01,123952,101897.0,13132.0
2018-03-01,124585,102459.0,13174.0
2018-04-01,125525,103341.0,13181.0
2018-05-01,126511,104278.0,13158.0
2018-06-01,127565,105284.0,12839.0
2018-07-01,127589,105266.0,11882.0
2018-08-01,127725,105356.0,12172.0
2018-09-01,127075,104696.0,12929.0
2018-10-01,127691,105215.0,13232.0
2018-11-01,128061,105531.0,13321.0
2018-12-01,127977,105451.0,13263.0
2019-01-01,125500,103174.0,12982.0
2019-02-01,125890,103482.0,13238.0
2019-03-01,126474,103988.0,13287.0
2019-04-01,127470,104890.0,13314.0
2019-05-01,128226,105580.0,13246.0
2019-06-01,129238,106514.0,12941.0
2019-07-01,129333,106560.0,12013.0
2019-08-01,129397,106602.0,12314.0
2019-09-01,128838,106007.0,13064.0
2019-10-01,129440,106479.0,13373.0
2019-11-01,129900,106851.0,13471.0
2019-12-01,129788,106711.0,13403.0
2020-01-01,127406,104554.0,13161.0
2020-02-01,127873,104963.0,13431.0
2020-03-01,126825,103942.0,13442.0
2020-04-01,108013,86793.0,12872.0
2020-05-01,111762,90128.0,12483.0
2020-06-01,117211,95114.0,12196.0
2020-07-01,118713,96587.0,11464.0
2020-08-01,119600,97398.0,11943.0
2020-09-01,119987,97690.0,12588.0
2020-10-01,121432,99018.0,12762.0
2020-11-01,121958,99501.0,12812.0
2020-12-01,121618,99117.0,12698.0
2021-01-01,119314,96991.0,12520.0
2021-02-01,120136,97678.0,12718.0
2021-03-01,121165,98547.0,12819.0
2021-04-01,122169,99352.0,12863.0
2021-05-01,123215,100305.0,12834.0
2021-06-01,124752,101664.0,12587.0
2021-07-01,125671,102470.0,11860.0
2021-08-01,125907,102651.0,12119.0
2021-09-01,125760,102423.0,12817.0
2021-10-01,127201,103664.0,13016.0
2021-11-01,128059,104439.0,13070.0
2021-12-01,128385,104614.0,13010.0
2022-01-01,125993,102435.0,12790.0
2022-02-01,127338,103655.0,12979.0
2022-03-01,128085,104305.0,13024.0
2022-04-01,129056,105123.0,13057.0
2022-05-01,129929,105860.0,13022.0
2022-06-01,131254,107027.0,12727.0
2022-07-01,131804,107519.0,12003.0
2022-08-01,131870,107540.0,12287.0
2022-09-01,131486,107068.0,13005.0
2022-10-01,132422,107927.0,13231.0
2022-11-01,132866,108319.0,13344.0
2022-12-01,132746,108053.0,13244.0
2023-01-01,130515,106100.0,13071.0
2023-02-01,131236,106692.0,13332.0
2023-03-01,131616,106996.0,13372.0
2023-04-01,132469,107732.0,13411.0
2023-05-01,133378,108521.0,13402.0
2023-06-01,134351,109399.0,13113.0
2023-07-01,134479,109569.0,12310.0
2023-08-01,134499,109511.0,12523.0
